{
  "status_quo": {
    "alive": 8350.5,
    "alive_rate": 0.8434848484848485,
    "billionaires": 803.5,
    "median_wealth_gbp": 9947571.673572712,
    "mean_wealth_gbp": 27379655044.93705,
    "bottom_50_share": 0.00014134868674943842,
    "top_10_share": 0.999634805066022,
    "phi_mean": 0.10901279759091964,
    "phi_last_quarter": 0.0003549325033104199,
    "metabolic_cumulative": 751805.7880870491,
    "tax_revenue_cumulative_gbp": 0.0,
    "tax_revenue_per_tick_gbp": 0.0,
    "state_wealth_final_gbp": 0.0
  },
  "zucman_2pct": {
    "alive": 8990.0,
    "alive_rate": 0.908080808080808,
    "billionaires": 800.0,
    "median_wealth_gbp": 13333162.078509273,
    "mean_wealth_gbp": 1033033781.3999188,
    "bottom_50_share": 0.005599242961118734,
    "top_10_share": 0.988547729666149,
    "phi_mean": 0.1457033898614365,
    "phi_last_quarter": 0.005270782792363718,
    "metabolic_cumulative": 789706.7058053243,
    "tax_revenue_cumulative_gbp": 5235281753952.424,
    "tax_revenue_per_tick_gbp": 56181321901.99225,
    "state_wealth_final_gbp": 5164898127052.632
  },
  "interest_ban": {
    "alive": 8843.0,
    "alive_rate": 0.8932323232323232,
    "billionaires": 804.5,
    "median_wealth_gbp": 9777570.832047548,
    "mean_wealth_gbp": 26163429988.27594,
    "bottom_50_share": 0.00013108308927236654,
    "top_10_share": 0.9996506843922899,
    "phi_mean": 0.10984513156569164,
    "phi_last_quarter": 0.0003541032556746938,
    "metabolic_cumulative": 753344.7836753518,
    "tax_revenue_cumulative_gbp": 0.0,
    "tax_revenue_per_tick_gbp": 0.0,
    "state_wealth_final_gbp": 0.0
  },
  "bequest_cap_5M": {
    "alive": 9048.5,
    "alive_rate": 0.9139898989898989,
    "billionaires": 2.5,
    "median_wealth_gbp": 8231248.078981293,
    "mean_wealth_gbp": 16148717.504895724,
    "bottom_50_share": 0.1924560262377042,
    "top_10_share": 0.5401196260811219,
    "phi_mean": 0.3022745763026592,
    "phi_last_quarter": 0.26843947005619867,
    "metabolic_cumulative": 795064.97311081,
    "tax_revenue_cumulative_gbp": 0.0,
    "tax_revenue_per_tick_gbp": 0.0,
    "state_wealth_final_gbp": 484307300540.2727
  },
  "zucman_plus_cap": {
    "alive": 9149.5,
    "alive_rate": 0.9241919191919192,
    "billionaires": 0.0,
    "median_wealth_gbp": 8137912.589224482,
    "mean_wealth_gbp": 12093794.771518778,
    "bottom_50_share": 0.25335428202056887,
    "top_10_share": 0.39894125972237626,
    "phi_mean": 0.39519211314640423,
    "phi_last_quarter": 0.37238545409251267,
    "metabolic_cumulative": 797657.8740242114,
    "tax_revenue_cumulative_gbp": 121427107834.83484,
    "tax_revenue_per_tick_gbp": 791875662.9678286,
    "state_wealth_final_gbp": 334839038398.8445
  }
}