{
  "A_status_quo": {
    "gmt_cum": 397792.51062235236,
    "pt_cum": 971831.0480422804,
    "cgdp_cum": 454740846.7930707,
    "ci_terminal": 0.35992020341698894,
    "gmt_growth": -0.00025957093367287576,
    "pt_growth": -0.00018234746547482472,
    "cgdp_growth": 0.05760342952467079,
    "ci_growth": -0.00018904186888299424,
    "phi_mean": 0.0038183454382711914,
    "breadth_mean": 3.4179854358103525,
    "diversity_mean": 0.12790148587371433,
    "survival_terminal": 0.8269949494949496,
    "alive_rate": 0.8269949494949496,
    "billionaires": 804.25,
    "bottom_50_share": 0.00013900006328606922,
    "median_worker_wealth_gbp": 9072585.523507591,
    "state_wealth_final_gbp": 500000000.0,
    "total_household_wealth_gbp": 227743087684468.22
  },
  "B_spend_only": {
    "gmt_cum": 412208.15940534003,
    "pt_cum": 996073.7698552159,
    "cgdp_cum": 456471998.02603865,
    "ci_terminal": 0.36539529795503717,
    "gmt_growth": -0.00027329680082044394,
    "pt_growth": -0.0001748822402479755,
    "cgdp_growth": 0.05758854494125304,
    "ci_growth": -0.00020697426152818665,
    "phi_mean": 0.0038985115157301633,
    "breadth_mean": 3.42242130930239,
    "diversity_mean": 0.127463814547009,
    "survival_terminal": 0.8411111111111111,
    "alive_rate": 0.8411111111111111,
    "billionaires": 803.5,
    "bottom_50_share": 0.00014123788534286998,
    "median_worker_wealth_gbp": 9059601.30766124,
    "state_wealth_final_gbp": 0.0,
    "total_household_wealth_gbp": 228604139524575.6
  },
  "C_zucman_2pct": {
    "gmt_cum": 434827.7250437859,
    "pt_cum": 1099846.4616501643,
    "cgdp_cum": 29097769.144001715,
    "ci_terminal": 0.39181175403282176,
    "gmt_growth": -0.00028381757245266037,
    "pt_growth": -0.00012488945130867402,
    "cgdp_growth": 0.03429602188110531,
    "ci_growth": -0.0002551003852714617,
    "phi_mean": 0.02083466693914813,
    "breadth_mean": 3.463370054233746,
    "diversity_mean": 0.12519897793038073,
    "survival_terminal": 0.9074242424242425,
    "alive_rate": 0.9074242424242425,
    "billionaires": 800.0,
    "bottom_50_share": 0.005603920682490703,
    "median_worker_wealth_gbp": 13137928.656627115,
    "state_wealth_final_gbp": 5164160257180.743,
    "total_household_wealth_gbp": 9285332438301.055
  },
  "D_cap_5M": {
    "gmt_cum": 435779.22588933725,
    "pt_cum": 1101431.8045067263,
    "cgdp_cum": 1721127.9178505554,
    "ci_terminal": 0.39430304336046135,
    "gmt_growth": -0.0002723334947123679,
    "pt_growth": -0.00010780835736551309,
    "cgdp_growth": -0.0002296892783339166,
    "ci_growth": -0.00026748909925200515,
    "phi_mean": 0.26370205417555587,
    "breadth_mean": 3.459615576275209,
    "diversity_mean": 0.1253279696852806,
    "survival_terminal": 0.9130555555555555,
    "alive_rate": 0.9130555555555555,
    "billionaires": 2.25,
    "bottom_50_share": 0.19129501165089247,
    "median_worker_wealth_gbp": 7634631.349341981,
    "state_wealth_final_gbp": 487477048780.745,
    "total_household_wealth_gbp": 146314908440.54987
  },
  "E_hybrid_5pct": {
    "gmt_cum": 437562.81867081573,
    "pt_cum": 1105937.4882182057,
    "cgdp_cum": 2214168.822675924,
    "ci_terminal": 0.3973088617971794,
    "gmt_growth": -0.00030303897098885035,
    "pt_growth": -0.0001449713377680295,
    "cgdp_growth": 0.004643376549947564,
    "ci_growth": -0.00030425609325460123,
    "phi_mean": 0.17546197967569258,
    "breadth_mean": 3.468388441163862,
    "diversity_mean": 0.124758337752826,
    "survival_terminal": 0.922020202020202,
    "alive_rate": 0.922020202020202,
    "billionaires": 0.0,
    "bottom_50_share": 0.19645475435617224,
    "median_worker_wealth_gbp": 11658907.733947111,
    "state_wealth_final_gbp": 571357745157.4064,
    "total_household_wealth_gbp": 244190572549.60867
  },
  "F_hybrid_10pct": {
    "gmt_cum": 438744.25501483504,
    "pt_cum": 1109556.9516365952,
    "cgdp_cum": 1316314.2137201373,
    "ci_terminal": 0.40073167165458545,
    "gmt_growth": -0.0003503464411695467,
    "pt_growth": -0.00016528864402629018,
    "cgdp_growth": -0.00014975928274177375,
    "ci_growth": -0.0003247633865239019,
    "phi_mean": 0.517691295730596,
    "breadth_mean": 3.485056952587181,
    "diversity_mean": 0.1238243680706574,
    "survival_terminal": 0.9326515151515151,
    "alive_rate": 0.9326515151515151,
    "billionaires": 0.0,
    "bottom_50_share": 0.42027009801213977,
    "median_worker_wealth_gbp": 10835507.215722004,
    "state_wealth_final_gbp": 193419126017.56516,
    "total_household_wealth_gbp": 107755589030.58203
  }
}