{
  "A_status_quo__R0_baseline": {
    "GMT_cum": 2269816909.773184,
    "PT_cum": 971831.0480422804,
    "CGDP_cum": 454740846.7930707,
    "CI_terminal": 0.35992020341698894,
    "MC_median_worker_gbp": 9072585.523507591,
    "KS_total_skill_mass": 19284.64812139267,
    "GMT_growth": 0.058201296498120336,
    "PT_growth": -0.00018234746547482472,
    "CGDP_growth": 0.05760342952467079,
    "CI_growth": -0.00018904186888299424,
    "bottom_50_share": 0.00013900006328606922,
    "top_10_share": 0.999624358785965,
    "billionaires": 804.25,
    "survival": 0.8269949494949496,
    "phi_mean": 0.0038183454382711914,
    "breadth_mean": 3.4179854358103525,
    "diversity_mean": 0.12790148587371433,
    "knowledge_lost_cum": 7130.550181820305,
    "human_capital_boost_mean": 0.0,
    "capital_deep_boost_mean": 0.0,
    "state_wealth_gbp": 500000000.0
  },
  "A_status_quo__R1_heterodox": {
    "GMT_cum": 2299151964.9049864,
    "PT_cum": 1283672.6659702014,
    "CGDP_cum": 460857331.11377347,
    "CI_terminal": 0.38789858117953724,
    "MC_median_worker_gbp": 15313254.299726024,
    "KS_total_skill_mass": 21405.350441382132,
    "GMT_growth": 0.058145446045087035,
    "PT_growth": -0.00012894975838859124,
    "CGDP_growth": 0.057374960885236914,
    "CI_growth": -0.0006353703920140286,
    "bottom_50_share": 0.0002280730624566877,
    "top_10_share": 0.9994735815872404,
    "billionaires": 803.5,
    "survival": 0.8992424242424242,
    "phi_mean": 0.004956817582220456,
    "breadth_mean": 3.537321414047211,
    "diversity_mean": 0.12247286395075076,
    "knowledge_lost_cum": 6715.674506140661,
    "human_capital_boost_mean": 0.331187535313615,
    "capital_deep_boost_mean": 0.09689257099064089,
    "state_wealth_gbp": 500000000.0
  },
  "A_status_quo__R2_symmetric": {
    "GMT_cum": 2290828937.760463,
    "PT_cum": 1186966.7287718833,
    "CGDP_cum": 459115360.9351101,
    "CI_terminal": 0.3732750097292929,
    "MC_median_worker_gbp": 12755632.094790427,
    "KS_total_skill_mass": 20434.912755974372,
    "GMT_growth": 0.05817026821271459,
    "PT_growth": -0.00010209145915318629,
    "CGDP_growth": 0.05745329730279097,
    "CI_growth": -0.0005327265405926096,
    "bottom_50_share": 0.00019881432147027738,
    "top_10_share": 0.9995344034702015,
    "billionaires": 802.75,
    "survival": 0.8653535353535354,
    "phi_mean": 0.004602713192164781,
    "breadth_mean": 3.4868774312178417,
    "diversity_mean": 0.12457915155694718,
    "knowledge_lost_cum": 6941.546197480622,
    "human_capital_boost_mean": 0.19370954606514823,
    "capital_deep_boost_mean": 0.2897813226671132,
    "state_wealth_gbp": 500000000.0
  },
  "A_status_quo__R3_orthodox": {
    "GMT_cum": 2279273787.5491986,
    "PT_cum": 1106617.330270065,
    "CGDP_cum": 456740051.3740558,
    "CI_terminal": 0.3707612461233259,
    "MC_median_worker_gbp": 10217351.54312994,
    "KS_total_skill_mass": 19989.178836844672,
    "GMT_growth": 0.05818094016720027,
    "PT_growth": -0.00010519413696841173,
    "CGDP_growth": 0.05750752829217126,
    "CI_growth": -0.0002620007220181242,
    "bottom_50_share": 0.00016229668292082127,
    "top_10_share": 0.9995924438262374,
    "billionaires": 803.0,
    "survival": 0.8543686868686868,
    "phi_mean": 0.004315647375078761,
    "breadth_mean": 3.43848751173876,
    "diversity_mean": 0.1268103780905999,
    "knowledge_lost_cum": 7087.03155003597,
    "human_capital_boost_mean": 0.062995709341115,
    "capital_deep_boost_mean": 0.48090953775878587,
    "state_wealth_gbp": 500000000.0
  },
  "C_zucman_2pct__R0_baseline": {
    "GMT_cum": 141089459.8734079,
    "PT_cum": 1099846.4616501643,
    "CGDP_cum": 29097769.144001715,
    "CI_terminal": 0.39181175403282176,
    "MC_median_worker_gbp": 13137928.656627115,
    "KS_total_skill_mass": 21245.685868996028,
    "GMT_growth": 0.03661299169291471,
    "PT_growth": -0.00012488945130867402,
    "CGDP_growth": 0.03429602188110531,
    "CI_growth": -0.0002551003852714617,
    "bottom_50_share": 0.005603920682490703,
    "top_10_share": 0.9885485012812911,
    "billionaires": 800.0,
    "survival": 0.9074242424242425,
    "phi_mean": 0.02083466693914813,
    "breadth_mean": 3.463370054233746,
    "diversity_mean": 0.12519897793038073,
    "knowledge_lost_cum": 6877.377450333635,
    "human_capital_boost_mean": 0.0,
    "capital_deep_boost_mean": 0.0,
    "state_wealth_gbp": 5164160257180.743
  },
  "C_zucman_2pct__R1_heterodox": {
    "GMT_cum": 142944150.65100363,
    "PT_cum": 1414459.8989811805,
    "CGDP_cum": 29720398.049385674,
    "CI_terminal": 0.4240090963819424,
    "MC_median_worker_gbp": 15226479.965567064,
    "KS_total_skill_mass": 23635.93223698277,
    "GMT_growth": 0.03644721959464553,
    "PT_growth": -2.9159094850489398e-05,
    "CGDP_growth": 0.03362298943639175,
    "CI_growth": -9.20752889393972e-05,
    "bottom_50_share": 0.006548531765893151,
    "top_10_share": 0.9865007462566582,
    "billionaires": 800.0,
    "survival": 0.9958333333333333,
    "phi_mean": 0.026171127986855433,
    "breadth_mean": 3.5958031409170514,
    "diversity_mean": 0.11896356115749425,
    "knowledge_lost_cum": 6028.079322239565,
    "human_capital_boost_mean": 0.34273781538836995,
    "capital_deep_boost_mean": 0.09777247296525296,
    "state_wealth_gbp": 5249672031684.185
  },
  "C_zucman_2pct__R2_symmetric": {
    "GMT_cum": 142652249.56793702,
    "PT_cum": 1309543.8960971814,
    "CGDP_cum": 29578085.03046515,
    "CI_terminal": 0.4244563681133514,
    "MC_median_worker_gbp": 14374529.917768702,
    "KS_total_skill_mass": 23168.89285853912,
    "GMT_growth": 0.0365074921726502,
    "PT_growth": -3.6070434646262584e-05,
    "CGDP_growth": 0.033853182305757235,
    "CI_growth": -9.1659961243995e-05,
    "bottom_50_share": 0.006000736208212874,
    "top_10_share": 0.9873209330535316,
    "billionaires": 800.0,
    "survival": 0.9916161616161616,
    "phi_mean": 0.024356016134909425,
    "breadth_mean": 3.509361711798653,
    "diversity_mean": 0.12251536408334422,
    "knowledge_lost_cum": 6419.161806300257,
    "human_capital_boost_mean": 0.1983797517212163,
    "capital_deep_boost_mean": 0.29301532779458317,
    "state_wealth_gbp": 5231063188157.844
  },
  "C_zucman_2pct__R3_orthodox": {
    "GMT_cum": 141927470.61165646,
    "PT_cum": 1204708.6861477736,
    "CGDP_cum": 29349261.071249515,
    "CI_terminal": 0.4054887862320369,
    "MC_median_worker_gbp": 13566185.49354957,
    "KS_total_skill_mass": 21993.58194422487,
    "GMT_growth": 0.03655798651537556,
    "PT_growth": -0.00011019436720968723,
    "CGDP_growth": 0.03406743415868013,
    "CI_growth": -0.0002652942743175679,
    "bottom_50_share": 0.005722005972896255,
    "top_10_share": 0.988069806095049,
    "billionaires": 800.0,
    "survival": 0.9396464646464646,
    "phi_mean": 0.02261820910244013,
    "breadth_mean": 3.46905241844072,
    "diversity_mean": 0.12483303460937387,
    "knowledge_lost_cum": 6749.150326483497,
    "human_capital_boost_mean": 0.06477561449326437,
    "capital_deep_boost_mean": 0.4876144396084637,
    "state_wealth_gbp": 5200414563062.973
  },
  "D_cap_5M__R0_baseline": {
    "GMT_cum": 4199912.371225871,
    "PT_cum": 1101431.8045067263,
    "CGDP_cum": 1721127.9178505554,
    "CI_terminal": 0.39430304336046135,
    "MC_median_worker_gbp": 7634631.349341981,
    "KS_total_skill_mass": 21341.231773336964,
    "GMT_growth": -0.0003516909667610202,
    "PT_growth": -0.00010780835736551309,
    "CGDP_growth": -0.0002296892783339166,
    "CI_growth": -0.00026748909925200515,
    "bottom_50_share": 0.19129501165089247,
    "top_10_share": 0.5423170648087849,
    "billionaires": 2.25,
    "survival": 0.9130555555555555,
    "phi_mean": 0.26370205417555587,
    "breadth_mean": 3.459615576275209,
    "diversity_mean": 0.1253279696852806,
    "knowledge_lost_cum": 6924.167322544522,
    "human_capital_boost_mean": 0.0,
    "capital_deep_boost_mean": 0.0,
    "state_wealth_gbp": 487477048780.745
  },