{
  "alpha_sweep": {
    "R0_baseline": {
      "alpha_0.05": {
        "A_status_quo": 1.0,
        "C_zucman_2pct": 0.07078959844279219,
        "D_cap_5M": 0.01098077944699806,
        "E_hybrid_5pct": 0.012087631710924569,
        "F_hybrid_10pct": 0.010149504471559026
      },
      "alpha_0.1": {
        "A_status_quo": 1.0,
        "C_zucman_2pct": 0.06626459406113006,
        "D_cap_5M": 0.00619372657291177,
        "E_hybrid_5pct": 0.007285525446917029,
        "F_hybrid_10pct": 0.0053232470442758405
      },
      "alpha_0.15": {
        "A_status_quo": 1.0,
        "C_zucman_2pct": 0.06474766944815624,
        "D_cap_5M": 0.004588955015620807,
        "E_hybrid_5pct": 0.005675707517124687,
        "F_hybrid_10pct": 0.003705332880554259
      },
      "alpha_0.2": {
        "A_status_quo": 1.0,
        "C_zucman_2pct": 0.0639875862245615,
        "D_cap_5M": 0.0037848544505916203,
        "E_hybrid_5pct": 0.004869078373519147,
        "F_hybrid_10pct": 0.002894646968714303
      },
      "alpha_0.25": {
        "A_status_quo": 1.0,
        "C_zucman_2pct": 0.06353101626615552,
        "D_cap_5M": 0.003301843972089959,
        "E_hybrid_5pct": 0.004384549017900357,
        "F_hybrid_10pct": 0.002407680776645829
      },
      "alpha_0.3": {
        "A_status_quo": 1.0,
        "C_zucman_2pct": 0.06322641930818633,
        "D_cap_5M": 0.0029796074348186416,
        "E_hybrid_5pct": 0.00406129917403519,
        "F_hybrid_10pct": 0.002082805217036609
      },
      "alpha_0.4": {
        "A_status_quo": 1.0,
        "C_zucman_2pct": 0.06284542874069121,
        "D_cap_5M": 0.0025765532414307943,
        "E_hybrid_5pct": 0.0036569775344561166,
        "F_hybrid_10pct": 0.0016764501285089887
      }
    },
    "R1_heterodox": {
      "alpha_0.05": {
        "A_status_quo": 1.0,
        "C_zucman_2pct": 0.07308622238281895,
        "D_cap_5M": 0.013529711449989561,
        "E_hybrid_5pct": 0.014688840210229846,
        "F_hybrid_10pct": 0.012723473471066378
      },
      "alpha_0.1": {
        "A_status_quo": 1.0,
        "C_zucman_2pct": 0.06737090561911213,
        "D_cap_5M": 0.007482075161707911,
        "E_hybrid_5pct": 0.008608846041227056,
        "F_hybrid_10pct": 0.006626990067529647
      },
      "alpha_0.15": {
        "A_status_quo": 1.0,
        "C_zucman_2pct": 0.0654516625339026,
        "D_cap_5M": 0.0054512368708449456,
        "E_hybrid_5pct": 0.006567141749161771,
        "F_hybrid_10pct": 0.004579748575923537
      },
      "alpha_0.2": {
        "A_status_quo": 1.0,
        "C_zucman_2pct": 0.06448936806008733,
        "D_cap_5M": 0.004432989375480646,
        "E_hybrid_5pct": 0.005543446120108706,
        "F_hybrid_10pct": 0.003553276635438317
      },
      "alpha_0.25": {
        "A_status_quo": 1.0,
        "C_zucman_2pct": 0.06391113317726568,
        "D_cap_5M": 0.003821132779410822,
        "E_hybrid_5pct": 0.004928315785042304,
        "F_hybrid_10pct": 0.002936478037527921
      },
      "alpha_0.3": {
        "A_status_quo": 1.0,
        "C_zucman_2pct": 0.06352528500803803,
        "D_cap_5M": 0.003412849304240005,
        "E_hybrid_5pct": 0.0045178477889512075,
        "F_hybrid_10pct": 0.0025248968326296965
      },
      "alpha_0.4": {
        "A_status_quo": 1.0,
        "C_zucman_2pct": 0.063042571206158,
        "D_cap_5M": 0.0029020679029987066,
        "E_hybrid_5pct": 0.004004333451589401,
        "F_hybrid_10pct": 0.0020099898198623
      }
    },
    "R2_symmetric": {
      "alpha_0.05": {
        "A_status_quo": 1.0,
        "C_zucman_2pct": 0.07241935567980894,
        "D_cap_5M": 0.012701651595741595,
        "E_hybrid_5pct": 0.013831910275207962,
        "F_hybrid_10pct": 0.011876950914780679
      },
      "alpha_0.1": {
        "A_status_quo": 1.0,
        "C_zucman_2pct": 0.06710291708348001,
        "D_cap_5M": 0.007069429771896357,
        "E_hybrid_5pct": 0.008179124231267609,
        "F_hybrid_10pct": 0.006199604151572311
      },
      "alpha_0.15": {
        "A_status_quo": 1.0,
        "C_zucman_2pct": 0.06531856382980762,
        "D_cap_5M": 0.005179090373690478,
        "E_hybrid_5pct": 0.006281882875600713,
        "F_hybrid_10pct": 0.004294119495706544
      },
      "alpha_0.2": {
        "A_status_quo": 1.0,
        "C_zucman_2pct": 0.06442408062806161,
        "D_cap_5M": 0.004231477094865889,
        "E_hybrid_5pct": 0.005330809696111648,
        "F_hybrid_10pct": 0.003338914010274321
      },
      "alpha_0.25": {
        "A_status_quo": 1.0,
        "C_zucman_2pct": 0.06388665031196353,
        "D_cap_5M": 0.0036621247548964627,
        "E_hybrid_5pct": 0.004759378551862668,
        "F_hybrid_10pct": 0.0027650000620052
      },
      "alpha_0.3": {
        "A_status_quo": 1.0,
        "C_zucman_2pct": 0.06352805440445496,
        "D_cap_5M": 0.003282229142520531,
        "E_hybrid_5pct": 0.004378095874624875,
        "F_hybrid_10pct": 0.002382060754439529
      },
      "alpha_0.4": {
        "A_status_quo": 1.0,
        "C_zucman_2pct": 0.06307946141120672,
        "D_cap_5M": 0.0028069908413876363,
        "E_hybrid_5pct": 0.003901122395914145,
        "F_hybrid_10pct": 0.0019030148796363516
      }
    },
    "R3_orthodox": {
      "alpha_0.05": {
        "A_status_quo": 1.0,
        "C_zucman_2pct": 0.07165020661135536,
        "D_cap_5M": 0.011788662653832953,
        "E_hybrid_5pct": 0.012964449130296206,
        "F_hybrid_10pct": 0.011037753223629333
      },
      "alpha_0.1": {
        "A_status_quo": 1.0,
        "C_zucman_2pct": 0.06673406589123579,
        "D_cap_5M": 0.006594932538221435,
        "E_hybrid_5pct": 0.007738457401615546,
        "F_hybrid_10pct": 0.005774603450263736
      },
      "alpha_0.15": {
        "A_status_quo": 1.0,
        "C_zucman_2pct": 0.06508477319768559,
        "D_cap_5M": 0.004852512697208142,
        "E_hybrid_5pct": 0.005985214265308992,
        "F_hybrid_10pct": 0.004008894338084142
      },
      "alpha_0.2": {
        "A_status_quo": 1.0,
        "C_zucman_2pct": 0.0642581288480291,
        "D_cap_5M": 0.003979191956786675,
        "E_hybrid_5pct": 0.0051064687655747445,
        "F_hybrid_10pct": 0.003123900748754457
      },
      "alpha_0.25": {
        "A_status_quo": 1.0,
        "C_zucman_2pct": 0.06376150101751335,
        "D_cap_5M": 0.003454522085347813,
        "E_hybrid_5pct": 0.004578539830610321,
        "F_hybrid_10pct": 0.0025922181134448497
      },
      "alpha_0.3": {
        "A_status_quo": 1.0,
        "C_zucman_2pct": 0.06343014818996764,
        "D_cap_5M": 0.003104459453439398,
        "E_hybrid_5pct": 0.0042263027335431086,
        "F_hybrid_10pct": 0.002237476526804742
      },
      "alpha_0.4": {
        "A_status_quo": 1.0,
        "C_zucman_2pct": 0.06301565573228017,
        "D_cap_5M": 0.002666562720464501,
        "E_hybrid_5pct": 0.0037856859410639624,
        "F_hybrid_10pct": 0.0017937268440888932
      }
    }
  },
  "capability_composition": {
    "R0_baseline": {
      "A_status_quo": {
        "CI_product": 1.0,
        "CI_geomean": 1.0,
        "CI_addmean": 1.0,
        "CI_mpi": 1.0
      },
      "C_zucman_2pct": {
        "CI_product": 1.0883320119160718,
        "CI_geomean": 1.0286172452467488,
        "CI_addmean": 1.0529777551616837,
        "CI_mpi": 1.052977755161684
      },
      "D_cap_5M": {
        "CI_product": 1.095025912194663,
        "CI_geomean": 1.0307218091251447,
        "CI_addmean": 1.0560350814346422,
        "CI_mpi": 1.0560350814346422
      },
      "E_hybrid_5pct": {
        "CI_product": 1.1035425717058511,
        "CI_geomean": 1.0333870874575344,
        "CI_addmean": 1.0622295444400536,
        "CI_mpi": 1.0622295444400534
      },
      "F_hybrid_10pct": {
        "CI_product": 1.1132347258136888,
        "CI_geomean": 1.0364036051762164,
        "CI_addmean": 1.0701826095908276,
        "CI_mpi": 1.0701826095908273
      }
    },
    "R1_heterodox": {
      "A_status_quo": {
        "CI_product": 1.0,
        "CI_geomean": 1.0,