{
  "summary": {
    "A_status_quo": {
      "PT_cum": {
        "mean": 973116.2713518005,
        "sd": 4645.08416377074,
        "ci_lo": 971034.1066976498,
        "ci_hi": 975044.8065457372,
        "n_seeds": 20
      },
      "CGDP_cum": {
        "mean": 454918135.1136316,
        "sd": 203894.8748046647,
        "ci_lo": 454829166.9601348,
        "ci_hi": 455006722.2140422,
        "n_seeds": 20
      },
      "CI_terminal": {
        "mean": 0.3615847203235193,
        "sd": 0.0020794093633342385,
        "ci_lo": 0.3606927569152017,
        "ci_hi": 0.3624280357226853,
        "n_seeds": 20
      },
      "KS_total_skill": {
        "mean": 19308.640608511647,
        "sd": 64.33028799848772,
        "ci_lo": 19277.970293194943,
        "ci_hi": 19335.041859673136,
        "n_seeds": 20
      },
      "bottom_50_share": {
        "mean": 0.0001387318295235965,
        "sd": 8.254714739683907e-07,
        "ci_lo": 0.00013836558032228734,
        "ci_hi": 0.00013906653645830546,
        "n_seeds": 20
      },
      "survival": {
        "mean": 0.8286010101010101,
        "sd": 0.0032255502870941776,
        "ci_lo": 0.8271666666666666,
        "ci_hi": 0.8298838383838383,
        "n_seeds": 20
      },
      "phi_mean": {
        "mean": 0.0038223801277237094,
        "sd": 1.6701571518954766e-05,
        "ci_lo": 0.003815007436873663,
        "ci_hi": 0.0038296165370978884,
        "n_seeds": 20
      }
    },
    "C_zucman_2pct": {
      "PT_cum": {
        "mean": 1103344.8896124046,
        "sd": 3357.6129614494052,
        "ci_lo": 1101893.5852570676,
        "ci_hi": 1104681.8187695506,
        "n_seeds": 20
      },
      "CGDP_cum": {
        "mean": 29111274.260467418,
        "sd": 18231.55921609616,
        "ci_lo": 29103355.300091814,
        "ci_hi": 29118445.510052335,
        "n_seeds": 20
      },
      "CI_terminal": {
        "mean": 0.39384528750523823,
        "sd": 0.0018291157529574623,
        "ci_lo": 0.39310295832674486,
        "ci_hi": 0.3946338024333878,
        "n_seeds": 20
      },
      "KS_total_skill": {
        "mean": 21317.676854411384,
        "sd": 62.09200466768383,
        "ci_lo": 21291.087583765,
        "ci_hi": 21342.978600805836,
        "n_seeds": 20
      },
      "bottom_50_share": {
        "mean": 0.005604131561136593,
        "sd": 1.3329557837752125e-05,
        "ci_lo": 0.005598484764102438,
        "ci_hi": 0.005609890288246554,
        "n_seeds": 20
      },
      "survival": {
        "mean": 0.9090353535353535,
        "sd": 0.0016814545412644263,
        "ci_lo": 0.9082422979797979,
        "ci_hi": 0.9096919191919192,
        "n_seeds": 20
      },
      "phi_mean": {
        "mean": 0.0208923555466169,
        "sd": 5.7687093790517716e-05,
        "ci_lo": 0.020868150704106442,
        "ci_hi": 0.020916667772110473,
        "n_seeds": 20
      }
    },
    "D_cap_5M": {
      "PT_cum": {
        "mean": 1104250.842785873,
        "sd": 3809.6747357545423,
        "ci_lo": 1102546.7955604035,
        "ci_hi": 1105889.3747610152,
        "n_seeds": 20
      },
      "CGDP_cum": {
        "mean": 1715852.2110999033,
        "sd": 15350.359244308369,
        "ci_lo": 1709144.4906251458,
        "ci_hi": 1722455.0806186744,
        "n_seeds": 20
      },
      "CI_terminal": {
        "mean": 0.39595584642613574,
        "sd": 0.002023502648328554,
        "ci_lo": 0.3950936277902764,
        "ci_hi": 0.39680965176305816,
        "n_seeds": 20
      },
      "KS_total_skill": {
        "mean": 21414.215261301746,
        "sd": 60.145933265787434,
        "ci_lo": 21388.43619476272,
        "ci_hi": 21439.472116164623,
        "n_seeds": 20
      },
      "bottom_50_share": {
        "mean": 0.1899462504384624,
        "sd": 0.006440044557497383,
        "ci_lo": 0.18712100792642122,
        "ci_hi": 0.19257098432516195,
        "n_seeds": 20
      },
      "survival": {
        "mean": 0.914989898989899,
        "sd": 0.001956848180657238,
        "ci_lo": 0.9140959595959597,
        "ci_hi": 0.9158183080808081,
        "n_seeds": 20
      },
      "phi_mean": {
        "mean": 0.2668582920392938,
        "sd": 0.004943354074445579,
        "ci_lo": 0.264843193011753,
        "ci_hi": 0.26910369732741746,
        "n_seeds": 20
      }
    },
    "E_hybrid_5pct": {
      "PT_cum": {
        "mean": 1109335.4945529788,
        "sd": 3465.199271975806,
        "ci_lo": 1107917.322666826,
        "ci_hi": 1110769.2017840093,
        "n_seeds": 20
      },
      "CGDP_cum": {
        "mean": 2217541.0834676595,
        "sd": 4275.628678858568,
        "ci_lo": 2215686.8013491654,
        "ci_hi": 2219226.753219223,
        "n_seeds": 20
      },
      "CI_terminal": {
        "mean": 0.39899677930474164,
        "sd": 0.0018645368862196608,
        "ci_lo": 0.3982404121454239,
        "ci_hi": 0.39979876618407356,
        "n_seeds": 20
      },
      "KS_total_skill": {
        "mean": 21663.143780813032,
        "sd": 58.88303846408804,
        "ci_lo": 21639.172811220822,
        "ci_hi": 21687.362543362207,
        "n_seeds": 20
      },
      "bottom_50_share": {
        "mean": 0.19634559355526363,
        "sd": 0.00022341831091210758,
        "ci_lo": 0.19625102869688074,
        "ci_hi": 0.19644438113995538,
        "n_seeds": 20
      },
      "survival": {
        "mean": 0.9235707070707072,
        "sd": 0.0016258597246923815,
        "ci_lo": 0.9228787878787879,
        "ci_hi": 0.924267803030303,
        "n_seeds": 20
      },
      "phi_mean": {
        "mean": 0.1759075440332606,
        "sd": 0.0003896208034976246,
        "ci_lo": 0.17573330360440764,
        "ci_hi": 0.17607338049078758,
        "n_seeds": 20
      }
    },
    "F_hybrid_10pct": {
      "PT_cum": {
        "mean": 1113216.2285315199,
        "sd": 3524.824099318579,
        "ci_lo": 1111728.1499307908,
        "ci_hi": 1114650.3428472946,
        "n_seeds": 20
      },
      "CGDP_cum": {
        "mean": 1319815.3334712007,
        "sd": 3769.9967918068796,
        "ci_lo": 1318258.4076053936,
        "ci_hi": 1321431.5098310802,
        "n_seeds": 20
      },
      "CI_terminal": {
        "mean": 0.40275699831873524,
        "sd": 0.0020546948253133846,
        "ci_lo": 0.4018762818300728,
        "ci_hi": 0.40362629948864687,
        "n_seeds": 20
      },
      "KS_total_skill": {
        "mean": 21953.50159124344,
        "sd": 55.92745363327615,
        "ci_lo": 21930.27056774956,
        "ci_hi": 21976.232977282594,
        "n_seeds": 20
      },
      "bottom_50_share": {
        "mean": 0.4197970530615544,
        "sd": 0.0005948900650121478,
        "ci_lo": 0.4195454896385483,
        "ci_hi": 0.42004562496984693,
        "n_seeds": 20
      },
      "survival": {
        "mean": 0.934090909090909,
        "sd": 0.0014324402765853949,
        "ci_lo": 0.9334948232323232,
        "ci_hi": 0.934691919191919,
        "n_seeds": 20
      },
      "phi_mean": {
        "mean": 0.5187048829357623,
        "sd": 0.0012009229845160467,
        "ci_lo": 0.5182190191468797,
        "ci_hi": 0.5192290833531359,
        "n_seeds": 20
      }
    }
  },
  "ratio_cis": {
    "C_zucman_2pct": {
      "PT_cum": {
        "mean_ratio": 1.133800609716794,
        "ci_lo": 1.1310646940220905,
        "ci_hi": 1.136605533260447
      },
      "CGDP_cum": {
        "mean_ratio": 0.06399178995344075,
        "ci_lo": 0.06397034262664286,
        "ci_hi": 0.06401288888878276
      },
      "CI_terminal": {
        "mean_ratio": 1.0891979966691312,
        "ci_lo": 1.0859521099797156,
        "ci_hi": 1.0926721125564747
      },
      "KS_total_skill": {
        "mean_ratio": 1.1040736571811784,
        "ci_lo": 1.1021282418302896,
        "ci_hi": 1.1062543297761653
      },
      "bottom_50_share": {
        "mean_ratio": 40.397405769351415,
        "ci_lo": 40.291455940000176,
        "ci_hi": 40.50674350626369
      },
      "survival": {
        "mean_ratio": 1.0970819856125416,