{
  "A_status_quo__elast_0.0": {
    "PT_cum": 975129.5764562679,
    "PT_growth": -0.00011500748669121541,
    "innovation_mean": 0.006040995077251556,
    "innovation_cum": 0.6040995077251555,
    "rd_budget_mean": 3649.4216294932817,
    "breadth_mean": 3.348968462014831,
    "productivity_multiplier_final": 2.9092013271562776,
    "bottom_50_share": 0.0001135195106747593,
    "survival": 0.8189141414141414,
    "billionaires": 803.0
  },
  "A_status_quo__elast_0.25": {
    "PT_cum": 972904.2070456211,
    "PT_growth": -0.00012710870587703815,
    "innovation_mean": 0.005368162227424373,
    "innovation_cum": 0.5368162227424372,
    "rd_budget_mean": 3647.1416010537973,
    "breadth_mean": 3.348850516987702,
    "productivity_multiplier_final": 2.6193291663688925,
    "bottom_50_share": 0.0001131536170847535,
    "survival": 0.8185858585858586,
    "billionaires": 803.0
  },
  "A_status_quo__elast_0.5": {
    "PT_cum": 969742.7035466705,
    "PT_growth": -0.00015906802791890162,
    "innovation_mean": 0.0047654185962383135,
    "innovation_cum": 0.4765418596238314,
    "rd_budget_mean": 3638.1638273377603,
    "breadth_mean": 3.3488760992833844,
    "productivity_multiplier_final": 2.3837198179318797,
    "bottom_50_share": 0.00011274177555954825,
    "survival": 0.8184595959595959,
    "billionaires": 803.5
  },
  "A_status_quo__elast_0.75": {
    "PT_cum": 969730.6010289283,
    "PT_growth": -0.000151642316929268,
    "innovation_mean": 0.004239848405200344,
    "innovation_cum": 0.4239848405200344,
    "rd_budget_mean": 3644.7547032355733,
    "breadth_mean": 3.3497483199277256,
    "productivity_multiplier_final": 2.1934269521331666,
    "bottom_50_share": 0.00011248504484526841,
    "survival": 0.8184848484848485,
    "billionaires": 803.5
  },
  "A_status_quo__elast_1.0": {
    "PT_cum": 968207.443986727,
    "PT_growth": -0.0001658706377938024,
    "innovation_mean": 0.003764524699490541,
    "innovation_cum": 0.37645246994905407,
    "rd_budget_mean": 3641.5702754540225,
    "breadth_mean": 3.3472576911642538,
    "productivity_multiplier_final": 2.0345385608691258,
    "bottom_50_share": 0.00011205984294025215,
    "survival": 0.8185353535353536,
    "billionaires": 802.75
  },
  "D_cap_5M__elast_0.0": {
    "PT_cum": 1105865.0337197853,
    "PT_growth": -2.9057369846818837e-05,
    "innovation_mean": 0.006690337904921287,
    "innovation_cum": 0.6690337904921287,
    "rd_budget_mean": 4476.096933850594,
    "breadth_mean": 3.403534616088641,
    "productivity_multiplier_final": 3.215099654029654,
    "bottom_50_share": 0.18477893436220866,
    "survival": 0.9098737373737373,
    "billionaires": 3.25
  },
  "D_cap_5M__elast_0.25": {
    "PT_cum": 1102804.0452988292,
    "PT_growth": -5.7987702679840325e-05,
    "innovation_mean": 0.0059866966001846204,
    "innovation_cum": 0.598669660018462,
    "rd_budget_mean": 4474.680689327331,
    "breadth_mean": 3.402678806655514,
    "productivity_multiplier_final": 2.87939978000946,
    "bottom_50_share": 0.18871232907539845,
    "survival": 0.9092929292929293,
    "billionaires": 2.5
  },
  "D_cap_5M__elast_0.5": {
    "PT_cum": 1099857.5579489148,
    "PT_growth": -8.768147059562414e-05,
    "innovation_mean": 0.005355838663078015,
    "innovation_cum": 0.5355838663078015,
    "rd_budget_mean": 4469.811448635388,
    "breadth_mean": 3.4036419420217863,
    "productivity_multiplier_final": 2.6074987873899174,
    "bottom_50_share": 0.18596016650402242,
    "survival": 0.9088383838383839,
    "billionaires": 2.5
  },
  "D_cap_5M__elast_0.75": {
    "PT_cum": 1097832.877238974,
    "PT_growth": -0.00010109860485335576,
    "innovation_mean": 0.0047888596791556895,
    "innovation_cum": 0.4788859679155689,
    "rd_budget_mean": 4466.709136602911,
    "breadth_mean": 3.4010419202934083,
    "productivity_multiplier_final": 2.3845752959629642,
    "bottom_50_share": 0.18567009582587476,
    "survival": 0.9089141414141413,
    "billionaires": 2.25
  },
  "D_cap_5M__elast_1.0": {
    "PT_cum": 1096463.9191694334,
    "PT_growth": -0.0001068015767981545,
    "innovation_mean": 0.004287303333348818,
    "innovation_cum": 0.4287303333348818,
    "rd_budget_mean": 4467.044051622902,
    "breadth_mean": 3.402330016933707,
    "productivity_multiplier_final": 2.2018387272038895,
    "bottom_50_share": 0.1889805267397136,
    "survival": 0.9089646464646465,
    "billionaires": 1.5
  },
  "E_hybrid_5pct__elast_0.0": {
    "PT_cum": 1110225.012061136,
    "PT_growth": -3.8007483188995383e-05,
    "innovation_mean": 0.0068912666245711796,
    "innovation_cum": 0.689126662457118,
    "rd_budget_mean": 4748.975331201811,
    "breadth_mean": 3.421176265545338,
    "productivity_multiplier_final": 3.307424393492638,
    "bottom_50_share": 0.16898279485100856,
    "survival": 0.919141414141414,
    "billionaires": 0.0
  },
  "E_hybrid_5pct__elast_0.25": {
    "PT_cum": 1106405.7273246404,
    "PT_growth": -8.3307523420173e-05,
    "innovation_mean": 0.006183828869064304,
    "innovation_cum": 0.6183828869064304,
    "rd_budget_mean": 4743.571300484234,
    "breadth_mean": 3.421450189780919,
    "productivity_multiplier_final": 2.9602254609924907,
    "bottom_50_share": 0.1687275244734582,
    "survival": 0.9182323232323232,
    "billionaires": 0.0
  },
  "E_hybrid_5pct__elast_0.5": {
    "PT_cum": 1104301.615249535,
    "PT_growth": -9.451703053389715e-05,
    "innovation_mean": 0.005552890253250033,
    "innovation_cum": 0.5552890253250033,
    "rd_budget_mean": 4744.150010887539,
    "breadth_mean": 3.421137114503292,
    "productivity_multiplier_final": 2.6799319332059035,
    "bottom_50_share": 0.16875663763408671,
    "survival": 0.9178535353535353,
    "billionaires": 0.0
  },
  "E_hybrid_5pct__elast_0.75": {
    "PT_cum": 1102684.1280607618,
    "PT_growth": -9.921495962228466e-05,
    "innovation_mean": 0.004984408662435321,
    "innovation_cum": 0.4984408662435321,
    "rd_budget_mean": 4744.586942937818,
    "breadth_mean": 3.419743151523242,
    "productivity_multiplier_final": 2.4496658879254682,
    "bottom_50_share": 0.1686991414269668,
    "survival": 0.9177777777777777,
    "billionaires": 0.0
  },
  "E_hybrid_5pct__elast_1.0": {
    "PT_cum": 1101498.5505014732,
    "PT_growth": -0.0001214475970836848,
    "innovation_mean": 0.00447507008508455,
    "innovation_cum": 0.4475070085084551,
    "rd_budget_mean": 4746.325932259626,
    "breadth_mean": 3.4197955424771256,
    "productivity_multiplier_final": 2.259462251385849,
    "bottom_50_share": 0.1685792829811721,
    "survival": 0.9175505050505051,
    "billionaires": 0.0
  },
  "F_hybrid_10pct__elast_0.0": {
    "PT_cum": 1115949.297602321,
    "PT_growth": -1.779090438866482e-05,
    "innovation_mean": 0.00690033194471617,
    "innovation_cum": 0.690033194471617,
    "rd_budget_mean": 4761.4783881292105,
    "breadth_mean": 3.4404658631347624,
    "productivity_multiplier_final": 3.323762500060348,
    "bottom_50_share": 0.3822329311324666,
    "survival": 0.9302525252525252,
    "billionaires": 0.0
  },
  "F_hybrid_10pct__elast_0.25": {
    "PT_cum": 1112785.429836234,
    "PT_growth": -4.874599742038521e-05,
    "innovation_mean": 0.006208689575029958,
    "innovation_cum": 0.6208689575029959,
    "rd_budget_mean": 4759.376171402366,
    "breadth_mean": 3.4413129175008117,
    "productivity_multiplier_final": 2.9814127419992253,
    "bottom_50_share": 0.38187551689772437,
    "survival": 0.9300252525252526,
    "billionaires": 0.0
  },
  "F_hybrid_10pct__elast_0.5": {
    "PT_cum": 1109390.1434228178,
    "PT_growth": -8.55591704508607e-05,
    "innovation_mean": 0.005582843061765378,
    "innovation_cum": 0.5582843061765378,
    "rd_budget_mean": 4753.10350708958,
    "breadth_mean": 3.440562784100065,
    "productivity_multiplier_final": 2.7017842001051773,
    "bottom_50_share": 0.3819378810830983,
    "survival": 0.9294444444444445,
    "billionaires": 0.0
  },
  "F_hybrid_10pct__elast_0.75": {
    "PT_cum": 1107579.7090929896,