{
  "uk_tory_2010_24": {
    "alive": {
      "median": 59.0,
      "ci_lo": 51.0,
      "ci_hi": 61.5
    },
    "autocatalytic_closure": {
      "median": 0.05088693924324238,
      "ci_lo": 0.049290160954063675,
      "ci_hi": 0.05277342261089839
    },
    "gini": {
      "median": 0.8900153858077041,
      "ci_lo": 0.880632644926285,
      "ci_hi": 0.9046996259605925
    },
    "top1_share": {
      "median": 0.26588177991745476,
      "ci_lo": 0.21625036318285673,
      "ci_hi": 0.3519200436952732
    },
    "top10_share": {
      "median": 0.823537119065077,
      "ci_lo": 0.7939600321927837,
      "ci_hi": 0.9161149084205775
    },
    "state_wealth": {
      "median": 40973.49440534906,
      "ci_lo": 31513.30810174162,
      "ci_hi": 43259.81346260509
    }
  },
  "uk_labour_2024": {
    "alive": {
      "median": 59.5,
      "ci_lo": 56.0,
      "ci_hi": 62.5
    },
    "autocatalytic_closure": {
      "median": 0.22464904683055523,
      "ci_lo": 0.2120632718430504,
      "ci_hi": 0.24169296172341526
    },
    "gini": {
      "median": 0.848320576804978,
      "ci_lo": 0.8389404501519122,
      "ci_hi": 0.8560937231594856
    },
    "top1_share": {
      "median": 0.20323141373981374,
      "ci_lo": 0.19143171459745845,
      "ci_hi": 0.28003034412793315
    },
    "top10_share": {
      "median": 0.7344474708111582,
      "ci_lo": 0.7243595573101675,
      "ci_hi": 0.7481302725459412
    },
    "state_wealth": {
      "median": 30766.394134229435,
      "ci_lo": 29075.04697435943,
      "ci_hi": 33491.9113166209
    }
  },
  "zucman_2pct_hoard": {
    "alive": {
      "median": 55.0,
      "ci_lo": 47.5,
      "ci_hi": 60.0
    },
    "autocatalytic_closure": {
      "median": 0.4208329950356139,
      "ci_lo": 0.4077929221134085,
      "ci_hi": 0.42868272914953043
    },
    "gini": {
      "median": 0.7574939366277016,
      "ci_lo": 0.741213774123531,
      "ci_hi": 0.7654626823712422
    },
    "top1_share": {
      "median": 0.17310319623599754,
      "ci_lo": 0.13663742555627043,
      "ci_hi": 0.20123109435449743
    },
    "top10_share": {
      "median": 0.5895596184067687,
      "ci_lo": 0.5724771089676778,
      "ci_hi": 0.6030492037168593
    },
    "state_wealth": {
      "median": 22668.749275874965,
      "ci_lo": 13824.294803816552,
      "ci_hi": 24517.489667474252
    }
  },
  "zucman_2pct_spend": {
    "alive": {
      "median": 80.0,
      "ci_lo": 79.0,
      "ci_hi": 82.0
    },
    "autocatalytic_closure": {
      "median": 0.4161926330207234,
      "ci_lo": 0.4020834267422781,
      "ci_hi": 0.42755045399719177
    },
    "gini": {
      "median": 0.5797560370751665,
      "ci_lo": 0.5767798570915863,
      "ci_hi": 0.5886776219136866
    },
    "top1_share": {
      "median": 0.10618443165447122,
      "ci_lo": 0.0959471449268722,
      "ci_hi": 0.11005863621041768
    },
    "top10_share": {
      "median": 0.5417317005100305,
      "ci_lo": 0.5275545917845592,
      "ci_hi": 0.5570357920177216
    },
    "state_wealth": {
      "median": 25083.621764656073,
      "ci_lo": 24453.023541562725,
      "ci_hi": 25384.324474052737
    }
  },
  "zucman_progressive_2_4_8": {
    "alive": {
      "median": 80.0,
      "ci_lo": 79.0,
      "ci_hi": 82.0
    },
    "autocatalytic_closure": {
      "median": 0.42219833552941705,
      "ci_lo": 0.413287075879816,
      "ci_hi": 0.4339826509324287
    },
    "gini": {
      "median": 0.5739465854589691,
      "ci_lo": 0.5688372233290047,
      "ci_hi": 0.5825942431110377
    },
    "top1_share": {
      "median": 0.09924571248256103,
      "ci_lo": 0.09226781928468358,
      "ci_hi": 0.10164014957299397
    },
    "top10_share": {
      "median": 0.5343538846130256,
      "ci_lo": 0.5200690418673823,
      "ci_hi": 0.5497101780557303
    },
    "state_wealth": {
      "median": 25027.00213185175,
      "ci_lo": 24374.04043706161,
      "ci_hi": 25157.53143898252
    }
  },
  "warren_2020": {
    "alive": {
      "median": 77.5,
      "ci_lo": 73.5,
      "ci_hi": 79.0
    },
    "autocatalytic_closure": {
      "median": 0.29720274135178015,
      "ci_lo": 0.287027025703568,
      "ci_hi": 0.3059239795294554
    },
    "gini": {
      "median": 0.7272889868915549,
      "ci_lo": 0.7242751153449668,
      "ci_hi": 0.7302796295065592
    },
    "top1_share": {
      "median": 0.12287253903612722,
      "ci_lo": 0.11621048357922428,
      "ci_hi": 0.12680083322265207
    },
    "top10_share": {
      "median": 0.6597690851826619,
      "ci_lo": 0.652201566755377,
      "ci_hi": 0.6767053456013765
    },
    "state_wealth": {
      "median": 33552.602142363656,
      "ci_lo": 33196.786112459995,
      "ci_hi": 34339.823312205095
    }
  },
  "sanders_2020": {
    "alive": {
      "median": 79.5,
      "ci_lo": 78.0,
      "ci_hi": 80.0
    },
    "autocatalytic_closure": {
      "median": 0.2455939078455897,
      "ci_lo": 0.23648954218100277,
      "ci_hi": 0.2587446630342671
    },
    "gini": {
      "median": 0.762532352682941,
      "ci_lo": 0.7498924006816752,
      "ci_hi": 0.7678847682822787
    },
    "top1_share": {
      "median": 0.1492698535974837,
      "ci_lo": 0.13444095346709006,
      "ci_hi": 0.15563807586036432
    },
    "top10_share": {
      "median": 0.7367096784427409,
      "ci_lo": 0.7080657907460881,
      "ci_hi": 0.7779775792602724
    },
    "state_wealth": {
      "median": 33447.03827722433,
      "ci_lo": 32475.435589277928,
      "ci_hi": 34865.131331557204
    }
  },
  "piketty_book": {
    "alive": {
      "median": 78.0,
      "ci_lo": 77.5,
      "ci_hi": 79.0
    },
    "autocatalytic_closure": {
      "median": 0.40000718664798646,
      "ci_lo": 0.3940876079433062,
      "ci_hi": 0.42752352353052636
    },
    "gini": {
      "median": 0.7224069502887844,
      "ci_lo": 0.7127630230855906,
      "ci_hi": 0.7290931121840774
    },
    "top1_share": {
      "median": 0.1399400547914607,
      "ci_lo": 0.13112284753028397,
      "ci_hi": 0.15089291111515704
    },
    "top10_share": {
      "median": 0.6584595660524383,
      "ci_lo": 0.6511385228943843,
      "ci_hi": 0.6747785481473876
    },
    "state_wealth": {
      "median": 27260.54446968453,
      "ci_lo": 26578.96300967549,
      "ci_hi": 27899.307728462227
    }
  },
  "norway_actual": {
    "alive": {
      "median": 65.0,
      "ci_lo": 63.0,
      "ci_hi": 67.0
    },
    "autocatalytic_closure": {
      "median": 0.09046888426323577,
      "ci_lo": 0.087662888296398,
      "ci_hi": 0.09246333332920784
    },
    "gini": {
      "median": 0.877564800069335,
      "ci_lo": 0.8732874184020327,
      "ci_hi": 0.8798935378235446
    },
    "top1_share": {
      "median": 0.22307702344196853,
      "ci_lo": 0.20315592767809698,
      "ci_hi": 0.2363256409040183
    },
    "top10_share": {
      "median": 0.75915579634965,
      "ci_lo": 0.7563444437197683,
      "ci_hi": 0.7611325220703504
    },
    "state_wealth": {
      "median": 41011.99728772049,
      "ci_lo": 40451.00260360454,
      "ci_hi": 41909.991402411324
    }
  },
  "spain_solidarity": {
    "alive": {
      "median": 76.0,
      "ci_lo": 75.0,
      "ci_hi": 77.5
    },
    "autocatalytic_closure": {
      "median": 0.3710562614857884,
      "ci_lo": 0.36125156718152673,
      "ci_hi": 0.38294197204688507
    },
    "gini": {
      "median": 0.7074646892838361,
      "ci_lo": 0.7025417354481363,
      "ci_hi": 0.7131228736675086
    },
    "top1_share": {
      "median": 0.11860967176646833,
      "ci_lo": 0.11569141727602461,
      "ci_hi": 0.1239576207400748
    },
    "top10_share": {
      "median": 0.6395461419838507,
      "ci_lo": 0.6348058508587625,
      "ci_hi": 0.6443255404100124
    },
    "state_wealth": {
      "median": 27942.48169099391,
      "ci_lo": 27553.67834758076,
      "ci_hi": 28344.456171707054
    }
  },
  "reform_uk_flavour": {
    "alive": {
      "median": 46.0,
      "ci_lo": 38.0,
      "ci_hi": 51.5
    },
    "autocatalytic_closure": {
      "median": 0.01878998838829951,