{
  "uk_tory_2010_24": {
    "final_gini_mean": 0.8986857821345947,
    "final_gini_std": 0.026786776613476546,
    "final_alive_mean": 56.666666666666664,
    "final_alive_std": 8.41955396021006,
    "mean_metabolic_rate": 39.03149642972618,
    "final_autocatalytic_closure": 0.049616119972755945,
    "final_top10_share": 0.8519937511815715,
    "final_cultural_breadth": 3.2950504278754287,
    "knowledge_lost_cum_mean": 80.80772307779961,
    "final_state_wealth": 36540.55674734131,
    "starved_cum_mean": 42.333333333333336,
    "births_cum_mean": 280.5,
    "dials": {
      "wage": 1.0,
      "maker_multiplier": 1.6,
      "employer_markup": 0.4,
      "workers_per_maker": 2,
      "workers_per_employer": 6,
      "capital_return": 0.04,
      "rent_share_of_wage": 0.35,
      "interest_rate": 0.06,
      "spec_drift": 0.015,
      "spec_vol": 0.12,
      "ubi": 0.0,
      "flat_tax_rate": 0.0,
      "tax_progressivity": 0.0,
      "wealth_tax_threshold": 50.0,
      "wealth_tax_tiers": [],
      "state_employs_fraction": 0.0,
      "state_employs_wage": 1.0,
      "state_buys_maker_output": 0.0,
      "state_recap_lenders": 0.0,
      "subsistence": 0.6,
      "debt_ceiling": 25.0,
      "lifespan_mean": 70.0,
      "lifespan_std": 12.0,
      "starvation_lifespan_penalty": 20.0,
      "inheritance_cap": Infinity,
      "inheritance_tax_rate": 0.4,
      "memory_bandwidth_base": 0.5,
      "memory_bandwidth_wealth_scale": 0.5,
      "skill_mutation_rate": 0.05,
      "inherit_from_class_prior": false,
      "seed": 42,
      "population_scale": 1
    }
  },
  "uk_labour_2024": {
    "final_gini_mean": 0.8490134732691863,
    "final_gini_std": 0.017456537021359485,
    "final_alive_mean": 56.833333333333336,
    "final_alive_std": 12.401836781523759,
    "mean_metabolic_rate": 39.48120058825222,
    "final_autocatalytic_closure": 0.22971115265962083,
    "final_top10_share": 0.7549931209256142,
    "final_cultural_breadth": 3.3101083944745913,
    "knowledge_lost_cum_mean": 83.84306046277514,
    "final_state_wealth": 28454.65822168095,
    "starved_cum_mean": 42.166666666666664,
    "births_cum_mean": 289.1666666666667,
    "dials": {
      "wage": 1.0,
      "maker_multiplier": 1.6,
      "employer_markup": 0.4,
      "workers_per_maker": 2,
      "workers_per_employer": 6,
      "capital_return": 0.04,
      "rent_share_of_wage": 0.35,
      "interest_rate": 0.06,
      "spec_drift": 0.015,
      "spec_vol": 0.12,
      "ubi": 0.0,
      "flat_tax_rate": 0.002,
      "tax_progressivity": 0.005,
      "wealth_tax_threshold": 80,
      "wealth_tax_tiers": [],
      "state_employs_fraction": 0.1,
      "state_employs_wage": 0.8,
      "state_buys_maker_output": 2.0,
      "state_recap_lenders": 0.0,
      "subsistence": 0.6,
      "debt_ceiling": 25.0,
      "lifespan_mean": 70.0,
      "lifespan_std": 12.0,
      "starvation_lifespan_penalty": 20.0,
      "inheritance_cap": Infinity,
      "inheritance_tax_rate": 0.5,
      "memory_bandwidth_base": 0.5,
      "memory_bandwidth_wealth_scale": 0.5,
      "skill_mutation_rate": 0.05,
      "inherit_from_class_prior": false,
      "seed": 42,
      "population_scale": 1
    }
  },
  "zucman_2pct_hoard": {
    "final_gini_mean": 0.7466697095558508,
    "final_gini_std": 0.026078918045159286,
    "final_alive_mean": 50.666666666666664,
    "final_alive_std": 12.27010821287064,
    "mean_metabolic_rate": 39.139310235171315,
    "final_autocatalytic_closure": 0.41842396668281717,
    "final_top10_share": 0.5920505650043327,
    "final_cultural_breadth": 3.365720064368477,
    "knowledge_lost_cum_mean": 77.84032753278173,
    "final_state_wealth": 17943.384468035427,
    "starved_cum_mean": 48.333333333333336,
    "births_cum_mean": 264.6666666666667,
    "dials": {
      "wage": 1.0,
      "maker_multiplier": 1.6,
      "employer_markup": 0.4,
      "workers_per_maker": 2,
      "workers_per_employer": 6,
      "capital_return": 0.04,
      "rent_share_of_wage": 0.35,
      "interest_rate": 0.06,
      "spec_drift": 0.015,
      "spec_vol": 0.12,
      "ubi": 0.0,
      "flat_tax_rate": 0.0,
      "tax_progressivity": 0.0,
      "wealth_tax_threshold": 50.0,
      "wealth_tax_tiers": [
        [
          100,
          0.02
        ]
      ],
      "state_employs_fraction": 0.0,
      "state_employs_wage": 1.0,
      "state_buys_maker_output": 0.0,
      "state_recap_lenders": 0.0,
      "subsistence": 0.6,
      "debt_ceiling": 25.0,
      "lifespan_mean": 70.0,
      "lifespan_std": 12.0,
      "starvation_lifespan_penalty": 20.0,
      "inheritance_cap": Infinity,
      "inheritance_tax_rate": 0.4,
      "memory_bandwidth_base": 0.5,
      "memory_bandwidth_wealth_scale": 0.5,
      "skill_mutation_rate": 0.05,
      "inherit_from_class_prior": false,
      "seed": 42,
      "population_scale": 1
    }
  },
  "zucman_2pct_spend": {
    "final_gini_mean": 0.5833673892122359,
    "final_gini_std": 0.013540426269752976,
    "final_alive_mean": 80.33333333333333,
    "final_alive_std": 3.0912061651652345,
    "mean_metabolic_rate": 43.05841212514762,
    "final_autocatalytic_closure": 0.4116419791209423,
    "final_top10_share": 0.5447473748594232,
    "final_cultural_breadth": 3.431855498859713,
    "knowledge_lost_cum_mean": 76.86012199192685,
    "final_state_wealth": 25214.824788477486,
    "starved_cum_mean": 18.666666666666668,
    "births_cum_mean": 314.5,
    "dials": {
      "wage": 1.0,
      "maker_multiplier": 1.6,
      "employer_markup": 0.4,
      "workers_per_maker": 2,
      "workers_per_employer": 6,
      "capital_return": 0.04,
      "rent_share_of_wage": 0.35,
      "interest_rate": 0.06,
      "spec_drift": 0.015,
      "spec_vol": 0.12,
      "ubi": 0.4,
      "flat_tax_rate": 0.0,
      "tax_progressivity": 0.0,
      "wealth_tax_threshold": 50.0,
      "wealth_tax_tiers": [
        [
          100,
          0.02
        ]
      ],
      "state_employs_fraction": 0.3,
      "state_employs_wage": 0.8,
      "state_buys_maker_output": 5.0,
      "state_recap_lenders": 0.0,
      "subsistence": 0.6,
      "debt_ceiling": 25.0,
      "lifespan_mean": 70.0,
      "lifespan_std": 12.0,
      "starvation_lifespan_penalty": 20.0,
      "inheritance_cap": Infinity,
      "inheritance_tax_rate": 0.4,
      "memory_bandwidth_base": 0.5,
      "memory_bandwidth_wealth_scale": 0.5,
      "skill_mutation_rate": 0.05,
      "inherit_from_class_prior": false,
      "seed": 42,
      "population_scale": 1
    }
  },
  "zucman_progressive_2_4_8": {
    "final_gini_mean": 0.5761264735724471,
    "final_gini_std": 0.015218883548359553,
    "final_alive_mean": 80.33333333333333,
    "final_alive_std": 3.0912061651652345,
    "mean_metabolic_rate": 43.05841212514762,
    "final_autocatalytic_closure": 0.42049717318124724,
    "final_top10_share": 0.5361781151470321,
    "final_cultural_breadth": 3.431855498859713,
    "knowledge_lost_cum_mean": 76.86012199192685,
    "final_state_wealth": 24948.921975102163,
    "starved_cum_mean": 18.666666666666668,
    "births_cum_mean": 314.5,
    "dials": {
      "wage": 1.0,
      "maker_multiplier": 1.6,
      "employer_markup": 0.4,
      "workers_per_maker": 2,
      "workers_per_employer": 6,
      "capital_return": 0.04,
      "rent_share_of_wage": 0.35,
      "interest_rate": 0.06,
      "spec_drift": 0.015,
      "spec_vol": 0.12,
      "ubi": 0.4,
      "flat_tax_rate": 0.0,
      "tax_progressivity": 0.0,
      "wealth_tax_threshold": 50.0,
      "wealth_tax_tiers": [
        [
          100,
          0.02
        ],
        [
          1000,
          0.02
        ],
        [
          10000,
          0.04
        ]
      ],
      "state_employs_fraction": 0.3,
      "state_employs_wage": 0.8,
      "state_buys_maker_output": 5.0,
      "state_recap_lenders": 0.0,
      "subsistence": 0.6,
      "debt_ceiling": 25.0,
      "lifespan_mean": 70.0,
      "lifespan_std": 12.0,
      "starvation_lifespan_penalty": 20.0,