{
  "A_status_quo": {
    "alive_rate": 0.8269949494949496,
    "billionaires": 804.25,
    "bottom_50_share": 0.00013900006328606922,
    "top_10_share": 0.999624358785965,
    "top_1_share": 0.3265610065319398,
    "median_wealth_gbp": 9981621.786310324,
    "state_wealth_final_gbp": 500000000.0,
    "tax_revenue_cumulative_gbp": 0.0,
    "alive_rate_sd": 0.0045206017166173965,
    "billionaires_sd": 1.8929694486000912,
    "bottom_50_share_sd": 7.542620024688439e-07,
    "top_10_share_sd": 5.58836912892262e-06,
    "top_1_share_sd": 0.008620970224165166,
    "median_wealth_gbp_sd": 12612.310179877428,
    "state_wealth_final_gbp_sd": 0.0,
    "tax_revenue_cumulative_gbp_sd": 0.0
  },
  "B_spend_only": {
    "alive_rate": 0.8411111111111111,
    "billionaires": 803.5,
    "bottom_50_share": 0.00014123788534286998,
    "top_10_share": 0.9996348218972875,
    "top_1_share": 0.32975494711842757,
    "median_wealth_gbp": 9946264.6097526,
    "state_wealth_final_gbp": 0.0,
    "tax_revenue_cumulative_gbp": 0.0,
    "alive_rate_sd": 0.0051945780507232,
    "billionaires_sd": 1.2909944487358056,
    "bottom_50_share_sd": 5.477549736719753e-07,
    "top_10_share_sd": 1.6458331138049525e-06,
    "top_1_share_sd": 0.007777042112984771,
    "median_wealth_gbp_sd": 20466.078988085017,
    "state_wealth_final_gbp_sd": 0.0,
    "tax_revenue_cumulative_gbp_sd": 0.0
  },
  "C_iht40_spend": {
    "alive_rate": 0.9052777777777776,
    "billionaires": 800.75,
    "bottom_50_share": 0.00047187671755750255,
    "top_10_share": 0.9988450993799987,
    "top_1_share": 0.3682943490140754,
    "median_wealth_gbp": 9396775.924428718,
    "state_wealth_final_gbp": 9814691960171.71,
    "tax_revenue_cumulative_gbp": 0.0,
    "alive_rate_sd": 0.0025452073526491723,
    "billionaires_sd": 0.5,
    "bottom_50_share_sd": 4.1110332119614506e-06,
    "top_10_share_sd": 1.1730820291539255e-05,
    "top_1_share_sd": 0.004546704443209905,
    "median_wealth_gbp_sd": 20208.909515090458,
    "state_wealth_final_gbp_sd": 445617058472.6688,
    "tax_revenue_cumulative_gbp_sd": 0.0
  },
  "D_cap_spend": {
    "alive_rate": 0.9130555555555555,
    "billionaires": 2.25,
    "bottom_50_share": 0.19129501165089247,
    "top_10_share": 0.5423170648087849,
    "top_1_share": 0.201157174649618,
    "median_wealth_gbp": 8235221.750395337,
    "state_wealth_final_gbp": 487477048780.745,
    "tax_revenue_cumulative_gbp": 0.0,
    "alive_rate_sd": 0.0020442591177762593,
    "billionaires_sd": 1.707825127659933,
    "bottom_50_share_sd": 0.00624386482721103,
    "top_10_share_sd": 0.014504509408540233,
    "top_1_share_sd": 0.017606979091351255,
    "median_wealth_gbp_sd": 33920.12596339281,
    "state_wealth_final_gbp_sd": 22157151292.377853,
    "tax_revenue_cumulative_gbp_sd": 0.0
  },
  "E_cap_iht_spend": {
    "alive_rate": 0.9136616161616161,
    "billionaires": 0.75,
    "bottom_50_share": 0.19081503045142406,
    "top_10_share": 0.5398907958305865,
    "top_1_share": 0.19564833070280002,
    "median_wealth_gbp": 8180264.353986488,
    "state_wealth_final_gbp": 491014493166.6087,
    "tax_revenue_cumulative_gbp": 0.0,
    "alive_rate_sd": 0.0012971705478178836,
    "billionaires_sd": 0.5,
    "bottom_50_share_sd": 0.0031184823238848457,
    "top_10_share_sd": 0.008730738299269777,
    "top_1_share_sd": 0.006876583972656466,
    "median_wealth_gbp_sd": 44099.57358912185,
    "state_wealth_final_gbp_sd": 19603423351.069565,
    "tax_revenue_cumulative_gbp_sd": 0.0
  }
}