{
  "cap_5M": {
    "alive_rate": 0.9130555555555555,
    "billionaires": 2.25,
    "centimillionaires": 269.5,
    "bottom_50_share": 0.19129501165089247,
    "top_10_share": 0.5423170648087849,
    "top_1_share": 0.201157174649618,
    "state_wealth_final_gbp": 487477048780.745,
    "tax_revenue_cum_gbp": 0.0
  },
  "wt2_10M": {
    "alive_rate": 0.9074242424242425,
    "billionaires": 800.0,
    "centimillionaires": 808.5,
    "bottom_50_share": 0.005603920682490703,
    "top_10_share": 0.9885485012812911,
    "top_1_share": 0.31136795022402336,
    "state_wealth_final_gbp": 5164160257180.743,
    "tax_revenue_cum_gbp": 5234480967272.035
  },
  "wt5_10M": {
    "alive_rate": 0.922020202020202,
    "billionaires": 0.0,
    "centimillionaires": 300.0,
    "bottom_50_share": 0.19645475435617224,
    "top_10_share": 0.6156366471874614,
    "top_1_share": 0.1475297793892586,
    "state_wealth_final_gbp": 571357745157.4064,
    "tax_revenue_cum_gbp": 646454401036.9607
  },
  "wt10_10M": {
    "alive_rate": 0.9326515151515151,
    "billionaires": 0.0,
    "centimillionaires": 0.0,
    "bottom_50_share": 0.42027009801213977,
    "top_10_share": 0.19211058047188342,
    "top_1_share": 0.026405352306795117,
    "state_wealth_final_gbp": 193419126017.56516,
    "tax_revenue_cum_gbp": 271366763039.45334
  },
  "wt20_10M": {
    "alive_rate": 0.9414898989898989,
    "billionaires": 0.0,
    "centimillionaires": 0.0,
    "bottom_50_share": 0.45409279509669515,
    "top_10_share": 0.13426439512465893,
    "top_1_share": 0.015303534367411808,
    "state_wealth_final_gbp": 147901992436.52536,
    "tax_revenue_cum_gbp": 227991933644.9239
  },
  "wt50_10M": {
    "alive_rate": 0.9454797979797981,
    "billionaires": 0.0,
    "centimillionaires": 0.0,
    "bottom_50_share": 0.4687119768464293,
    "top_10_share": 0.11179387446797044,
    "top_1_share": 0.011500175526720745,
    "state_wealth_final_gbp": 133516183581.31844,
    "tax_revenue_cum_gbp": 214629898452.30005
  },
  "wt90_10M": {
    "alive_rate": 0.9461363636363637,
    "billionaires": 0.0,
    "centimillionaires": 0.0,
    "bottom_50_share": 0.4729594034932754,
    "top_10_share": 0.10592843093399348,
    "top_1_share": 0.010568722488905103,
    "state_wealth_final_gbp": 129966789747.00064,
    "tax_revenue_cum_gbp": 211335454901.384
  },
  "wt5_50M": {
    "alive_rate": 0.8958080808080807,
    "billionaires": 18.25,
    "centimillionaires": 813.25,
    "bottom_50_share": 0.10936592909657812,
    "top_10_share": 0.7544330270252297,
    "top_1_share": 0.16207898053529793,
    "state_wealth_final_gbp": 1222074162382.5833,
    "tax_revenue_cum_gbp": 1289153248668.4478
  },
  "wt10_50M": {
    "alive_rate": 0.9023989898989899,
    "billionaires": 0.0,
    "centimillionaires": 302.25,
    "bottom_50_share": 0.2804685901334433,
    "top_10_share": 0.3712641151168248,
    "top_1_share": 0.049203078197927914,
    "state_wealth_final_gbp": 397076675801.18494,
    "tax_revenue_cum_gbp": 466207625428.842
  },
  "wt20_50M": {
    "alive_rate": 0.9071212121212121,
    "billionaires": 0.0,
    "centimillionaires": 0.0,
    "bottom_50_share": 0.31555336763630687,
    "top_10_share": 0.293862255107308,
    "top_1_share": 0.03290308792554582,
    "state_wealth_final_gbp": 266690805627.76056,
    "tax_revenue_cum_gbp": 337405198493.24493
  },
  "wt50_50M": {
    "alive_rate": 0.9106818181818183,
    "billionaires": 0.0,
    "centimillionaires": 0.0,
    "bottom_50_share": 0.32990238119816867,
    "top_10_share": 0.2621881272355373,
    "top_1_share": 0.027186930313443856,
    "state_wealth_final_gbp": 220996216102.149,
    "tax_revenue_cum_gbp": 292918327416.22424
  },
  "wt90_50M": {
    "alive_rate": 0.9114646464646465,
    "billionaires": 0.0,
    "centimillionaires": 0.0,
    "bottom_50_share": 0.3339857597596397,
    "top_10_share": 0.2539993073357192,
    "top_1_share": 0.025724790383829937,
    "state_wealth_final_gbp": 210236576542.95306,
    "tax_revenue_cum_gbp": 282564752120.2506
  }
}