{
  "EMPLOYER": {
    "n": 100,
    "mean_gain": 15.191960461038727,
    "std_gain": 18.634044559227487,
    "intercept": 0.7301522386879502,
    "coefs": {
      "technical": 14.973759285054305,
      "organisational": 1.948317647587853,
      "social": 11.657064733901981,
      "financial": -5.086001036273066,
      "generative": 13.192760346798522
    },
    "r2": 0.12034275543362971,
    "elasticities": {
      "technical": 0.29768027726561025,
      "organisational": 0.0316500457676108,
      "social": 0.24739468300692635,
      "financial": -0.09516331241160465,
      "generative": 0.24052974021236037
    }
  },
  "LENDER": {
    "n": 79,
    "mean_gain": 416.7962575200517,
    "std_gain": 16.688723651831157,
    "intercept": 433.5349923533171,
    "coefs": {
      "technical": -17.898409824603192,
      "organisational": 0.35848748773556416,
      "social": -8.63090758741638,
      "financial": -3.4146513626992636,
      "generative": -6.626458114352729
    },
    "r2": 0.13414533977729193,
    "elasticities": {
      "technical": -0.013234799343024772,
      "organisational": 0.00026125608062879007,
      "social": -0.006759476646977365,
      "financial": -0.0016924268615151744,
      "generative": -0.005360702966488714
    }
  },
  "MAKER": {
    "n": 144,
    "mean_gain": 75.85523987964756,
    "std_gain": 25.507322582982077,
    "intercept": -11.180567846423699,
    "coefs": {
      "technical": -0.6973032318254155,
      "organisational": 0.7613684924688169,
      "social": 1.272296756813665,
      "financial": -0.5258160681189565,
      "generative": 97.41685620145644
    },
    "r2": 0.981257785683267,
    "elasticities": {
      "technical": -0.0022730875868264963,
      "organisational": 0.002976719948346417,
      "social": 0.00495480205856348,
      "financial": -0.0020208823983701354,
      "generative": 0.3335359416149776
    }
  },
  "RENTIER": {
    "n": 47,
    "mean_gain": 717.1013786230768,
    "std_gain": 338.7762940950852,
    "intercept": 1111.6017387778006,
    "coefs": {
      "technical": -162.11438499305513,
      "organisational": -176.8225533076743,
      "social": 265.9517474085127,
      "financial": -283.8312437967331,
      "generative": -223.51515262797585
    },
    "r2": 0.116943041593079,
    "elasticities": {
      "technical": -0.06205411470064983,
      "organisational": -0.05403057718097698,
      "social": 0.08736885999528052,
      "financial": -0.09622598884970092,
      "generative": -0.0761035287301114
    }
  },
  "SPECULATOR": {
    "n": 44,
    "mean_gain": 39.137766099123105,
    "std_gain": 169.6120322974631,
    "intercept": 122.8756623449412,
    "coefs": {
      "technical": 70.80392760247832,
      "organisational": -49.859930042716606,
      "social": -211.8723929271082,
      "financial": 6.072047531745463,
      "generative": 18.377684877492868
    },
    "r2": 0.10595409454306726,
    "elasticities": {
      "technical": 0.5566684989720634,
      "organisational": -0.3853369468944803,
      "social": -1.4115648721173755,
      "financial": 0.03559149653915451,
      "generative": 0.12814957483666883
    }
  },
  "WORKER": {
    "n": 395,
    "mean_gain": 4.103150354436022,
    "std_gain": 4.065319073486962,
    "intercept": -8.55220997930181,
    "coefs": {
      "technical": 11.048520008474464,
      "organisational": 11.212530352760346,
      "social": -0.2364983951958486,
      "financial": -0.3141614420447061,
      "generative": -0.3763956838026701
    },
    "r2": 0.966892164553024,
    "elasticities": {
      "technical": 0.7639055188579349,
      "organisational": 0.9515224928951762,
      "social": -0.021877765103176558,
      "financial": -0.025436041280994054,
      "generative": -0.03004550959831216
    }
  }
}