{
  "current_world": {
    "WORKER": {
      "n": 395,
      "r2": 0.966892164553024,
      "elasticities": {
        "technical": 0.7639055188579349,
        "organisational": 0.9515224928951762,
        "social": -0.021877765103176558,
        "financial": -0.025436041280994054,
        "generative": -0.03004550959831216
      },
      "mean_gain": 4.103150354436022
    },
    "MAKER": {
      "n": 144,
      "r2": 0.981257785683267,
      "elasticities": {
        "technical": -0.0022730875868264963,
        "organisational": 0.002976719948346417,
        "social": 0.00495480205856348,
        "financial": -0.0020208823983701354,
        "generative": 0.3335359416149776
      },
      "mean_gain": 75.85523987964756
    },
    "EMPLOYER": {
      "n": 100,
      "r2": 0.12034275543362971,
      "elasticities": {
        "technical": 0.29768027726561025,
        "organisational": 0.0316500457676108,
        "social": 0.24739468300692635,
        "financial": -0.09516331241160465,
        "generative": 0.24052974021236037
      },
      "mean_gain": 15.191960461038727
    },
    "LENDER": {
      "n": 79,
      "r2": 0.13414533977729193,
      "elasticities": {
        "technical": -0.013234799343024772,
        "organisational": 0.00026125608062879007,
        "social": -0.006759476646977365,
        "financial": -0.0016924268615151744,
        "generative": -0.005360702966488714
      },
      "mean_gain": 416.7962575200517
    },
    "RENTIER": {
      "n": 47,
      "r2": 0.116943041593079,
      "elasticities": {
        "technical": -0.06205411470064983,
        "organisational": -0.05403057718097698,
        "social": 0.08736885999528052,
        "financial": -0.09622598884970092,
        "generative": -0.0761035287301114
      },
      "mean_gain": 717.1013786230768
    },
    "SPECULATOR": {
      "n": 44,
      "r2": 0.10595409454306726,
      "elasticities": {
        "technical": 0.5566684989720634,
        "organisational": -0.3853369468944803,
        "social": -1.4115648721173755,
        "financial": 0.03559149653915451,
        "generative": 0.12814957483666883
      },
      "mean_gain": 39.137766099123105
    }
  },
  "nordic": {
    "WORKER": {
      "n": 625,
      "r2": 0.713046871569754,
      "elasticities": {
        "technical": 0.17291170921818036,
        "organisational": 0.1591174716315887,
        "social": -0.010895182171206151,
        "financial": -0.018553377745982005,
        "generative": -0.014425991811610242
      },
      "mean_gain": 25.01849196132974
    },
    "MAKER": {
      "n": 154,
      "r2": 0.22965167998763603,
      "elasticities": {
        "technical": -0.011451079533508605,
        "organisational": -0.08118176807142075,
        "social": -0.0470856168613314,
        "financial": -0.050864803778578764,
        "generative": 0.09465459765099159
      },
      "mean_gain": 56.03009587543589
    },
    "EMPLOYER": {
      "n": 100,
      "r2": 0.08375076407437587,
      "elasticities": {
        "technical": -0.04369110721805927,
        "organisational": -0.008009591255462049,
        "social": -0.04036058258347873,
        "financial": -0.016475572082234817,
        "generative": -0.024486379999982457
      },
      "mean_gain": 30.117110488736444
    },
    "LENDER": {
      "n": 79,
      "r2": 0.1228703660515923,
      "elasticities": {
        "technical": -0.014260565762986994,
        "organisational": -0.018565855113837966,
        "social": -0.027400415244943663,
        "financial": -0.014153777726376469,
        "generative": -0.020046862281195073
      },
      "mean_gain": 103.45874863805949
    },
    "RENTIER": {
      "n": 49,
      "r2": 0.11491464358009651,
      "elasticities": {
        "technical": -0.002818215003596923,
        "organisational": -0.006488170902878122,
        "social": -0.013603497215345756,
        "financial": 0.007352473227516335,
        "generative": -0.002505390221353115
      },
      "mean_gain": 103.72591664547859
    },
    "SPECULATOR": {
      "n": 50,
      "r2": 0.12640165983813267,
      "elasticities": {
        "technical": 3.4564102622999227,
        "organisational": -2.9157927916034088,
        "social": -3.0323430934133144,
        "financial": 2.4111392266333813,
        "generative": -0.48173879176023965
      },
      "mean_gain": -2.2947870575051006
    }
  },
  "maker_economy": {
    "WORKER": {
      "n": 528,
      "r2": 0.9079420605933437,
      "elasticities": {
        "technical": 0.42652439961857175,
        "organisational": 0.4404105393965405,
        "social": 0.00428815933036208,
        "financial": -0.0016033844920533217,
        "generative": 0.010862384676482718
      },
      "mean_gain": 10.879515915301647
    },
    "MAKER": {
      "n": 143,
      "r2": 0.9783736438311444,
      "elasticities": {
        "technical": -0.00025854288765264486,
        "organisational": 0.0018171106439776566,
        "social": 0.0030995084821910917,
        "financial": 0.001118284803114884,
        "generative": 0.21560528920538002
      },
      "mean_gain": 135.10927999656937
    },
    "EMPLOYER": {
      "n": 100,
      "r2": 0.03786053514856924,
      "elasticities": {
        "technical": 0.5382633086635566,
        "organisational": -0.09580872473842646,
        "social": 0.41480861930439666,
        "financial": -0.5244261718885708,
        "generative": 0.31298879876885116
      },
      "mean_gain": 1.9223350115082078
    },
    "LENDER": {
      "n": 79,
      "r2": 0.16223747622774587,
      "elasticities": {
        "technical": -0.027125653958718233,
        "organisational": 0.006578368099903679,
        "social": -0.006144451513694901,
        "financial": 0.001683970482714698,
        "generative": -0.011159925694428068
      },
      "mean_gain": 236.12886050528346
    },
    "RENTIER": {
      "n": 49,
      "r2": 0.060929317856750376,
      "elasticities": {
        "technical": -0.14081919412244848,
        "organisational": -0.005056554094229626,
        "social": 0.03922123921525267,
        "financial": -0.0009344273931093985,
        "generative": -0.007704260135212451
      },
      "mean_gain": 31.801426081252973
    },
    "SPECULATOR": {
      "n": 44,
      "r2": 0.05026345595788173,
      "elasticities": {
        "technical": -0.2563958669608809,
        "organisational": 0.22467164039900575,
        "social": 0.39761874392628566,
        "financial": 0.6200930381170995,
        "generative": 0.7414412204187274
      },
      "mean_gain": 23.905223032187337
    }
  },
  "feudal": {
    "MAKER": {
      "n": 145,
      "r2": 0.4677427248049192,
      "elasticities": {
        "technical": 0.025627515926303617,
        "organisational": 0.010231338497125243,
        "social": 0.05820838922692374,
        "financial": 0.12036920313638469,
        "generative": 0.732393562951122
      },
      "mean_gain": 33.09119739715192
    },
    "EMPLOYER": {
      "n": 99,
      "r2": 0.02400777067655957,
      "elasticities": {
        "technical": 0.02109532314151397,
        "organisational": 0.006030501560012262,
        "social": -0.013824332877527282,
        "financial": 0.020269446827938804,
        "generative": -0.01810007530528233
      },
      "mean_gain": -30.815452570683803
    },
    "RENTIER": {
      "n": 49,
      "r2": 0.024276528205762427,
      "elasticities": {
        "technical": -0.04890839117430531,
        "organisational": -0.028981568647117158,
        "social": 0.01810071211845398,
        "financial": -0.021894819503320492,
        "generative": -0.03755809014667132
      },
      "mean_gain": 2214.1688845284143
    },
    "SPECULATOR": {
      "n": 44,
      "r2": 0.013002234018029357,
      "elasticities": {
        "technical": -0.02800462346065121,
        "organisational": -0.15072193074081158,
        "social": -0.07397038348957465,
        "financial": 0.36524142436616847,
        "generative": 0.11379017776094098
      },
      "mean_gain": 36.46578038444896
    },